# 频道列表格式说明：
# 1. 国家行：单独一行，格式为"国家名称+国家代码"（如"英国UK"、"中国CN"）
# 2. 频道行：位于国家行下方，格式为"tvg-id,tvg-name,备注"
# 3. #开头为注释，空行自动忽略
# 提示：tvg-id和tvg-name需从原始EPG中复制准确值


中国CN
1,CCTV1,CCTV1
2,CCTV2,CCTV2
3,CCTV3,CCTV3
4,CCTV4,CCTV4
5,CCTV5,CCTV5
6,CCTV5+,CCTV5+
7,CCTV6,CCTV6
8,CCTV7,CCTV7
9,CCTV8,CCTV8
10,CCTV9,CCTV9
11,CCTV10,CCTV10
12,CCTV11,CCTV11
13,CCTV12,CCTV12
14,CCTV13,CCTV13
15,CCTV14,CCTV14
16,CCTV15,CCTV15
17,CCTV16,CCTV16
18,CCTV17,CCTV17
19,CCTV4欧洲,CCTV4欧洲
20,CCTV4美洲,CCTV4美洲
21,CGTN西语,CGTN西语
22,CGTN法语,CGTN法语
23,CGTN俄语,CGTN俄语
24,CGTN阿语,CGTN阿语
25,CGTN,CGTN
26,CCTV4K,CCTV4K
27,CCTV8K,CCTV8K
28,CCTVNews,CCTVNews
29,CGTN纪录,CGTN 纪录

180,CHC动作电影,CHC 动作电影
181,CHC家庭影院,CHC 家庭影院
182,CHC影迷电影,CHC 影迷电影
重温经典频道,重温经典频道,重温经典频道

77,重庆卫视,重庆卫视
78,四川卫视,四川卫视
79,贵州卫视,贵州卫视
80,东方卫视,东方卫视
81,湖南卫视,湖南卫视
82,广东卫视,广东卫视
83,深圳卫视,深圳卫视
84,天津卫视,天津卫视
85,湖北卫视,湖北卫视
86,辽宁卫视,辽宁卫视
87,安徽卫视,安徽卫视
88,浙江卫视,浙江卫视
89,山东卫视,山东卫视
90,北京卫视,北京卫视
91,江苏卫视,江苏卫视
92,黑龙江卫视,黑龙江卫视
93,河北卫视,河北卫视
94,云南卫视,云南卫视
95,江西卫视,江西卫视
96,东南卫视,东南卫视
97,海南卫视,海南卫视
98,吉林卫视,吉林卫视
99,甘肃卫视,甘肃卫视
100,河南卫视,河南卫视
101,内蒙古卫视,内蒙古卫视
102,陕西卫视,陕西卫视
103,广西卫视,广西卫视
104,青海卫视,青海卫视
105,新疆卫视,新疆卫视
106,西藏卫视,西藏卫视
107,厦门卫视,厦门卫视
108,宁夏卫视,宁夏卫视
109,山西卫视,山西卫视
110,兵团卫视,兵团卫视
111,康巴卫视,康巴卫视
112,延边卫视,延边卫视
166,大湾区卫视,大湾区卫视
240,香港卫视,香港卫视
289,三沙卫视,三沙卫视

385,山东体育休闲,山东体育休闲
382,山东农科,山东农科
388,山东少儿,山东少儿
221,山东教育,山东教育
384,山东文旅,山东文旅
381,山东新闻,山东新闻
386,山东生活,山东生活
387,山东综艺,山东综艺
383,山东齐鲁,山东齐鲁

520,青岛新闻综合,青岛新闻综合QTV1
521,青岛生活服务,青岛生活服务QTV2
522,青岛影视,青岛影视QTV3
523,青岛财经资讯,青岛财经资讯QTV4
524,青岛都市,青岛都市QTV5
525,青岛教育,青岛教育QTV6

419,上海教育,上海教育
199,上海新闻综合,上海新闻综合
198,第一财经,上海第一财经
263,上海都市,上海都市
295,东方影视,东方影视
170,五星体育,五星体育
209,哈哈炫动,哈哈炫动
劲爆体育,劲爆体育,劲爆体育

572,北京IPTV4K超清,北京IPTV4K超清
137,北京体育休闲,北京体育休闲
375,北京国际,北京国际
131,北京影视,北京影视
132,北京文艺,北京文艺
130,北京新闻,北京新闻
134,北京生活,北京生活
136,北京纪实科教,北京纪实科教
133,北京财经,北京财经
135,卡酷少儿,卡酷少儿

207,之江纪录,之江纪录
206,浙江国际,浙江国际
205,浙江少儿,浙江少儿
202,浙江教科影视,浙江教科影视
204,浙江新闻,浙江新闻
203,浙江民生休闲,浙江民生休闲
201,浙江经济生活,浙江经济生活
200,钱江都市,浙江钱江都市

457,南京十八生活,南京十八生活
460,南京少儿,南京少儿
456,南京教育科技,南京教科
458,南京文旅纪录,南京文旅纪录
455,南京新闻综合,南京新闻综合

155,广东珠江,广东珠江
156,广东体育,广东体育
567,南国都市4K,南国都市4K
571,广州影视,广州影视
569,广州新闻,广州新闻
570,广州法治,广州法治
568,广州综合,广州综合

339,云南娱乐,云南娱乐
341,云南康旅,云南康旅
340,云南影视,云南影视
338,云南都市,云南都市

468,成都新闻综合,成都新闻综合CDTV1
469,成都经济资讯,成都经济资讯CDTV2
470,成都都市生活,成都都市生活CDTV3
471,成都影视文艺,成都影视文艺CDTV4
472,成都公共,成都公共频道CDTV5
473,成都少儿,成都少儿频道CDTV6

香港HK
189,翡翠台,翡翠台
190,明珠台,明珠台
193,凤凰中文,鳳凰中文
194,凤凰咨询,鳳凰資訊
284,凤凰香港,鳳凰香港
449,HOY76,HOY76 國際財經
450,HOY77,HOY77
451,HOY78,HOY78 資訊
444,RTHK31,RTHK31
445,RTHK32,RTHK32
446,RTHK33,RTHK33
447,RTHK34,RTHK34
448,RTHK35,RTHK35
223,TVB PLus,TVB PLUS
558,TVB星河,TVB星河
美亞電影台,美亞電影台,美亞電影台
225,无线新闻,無綫新聞
娛樂新聞台 (免費),娛樂新聞台 (免費),娛樂新聞台 (免費)
千禧經典台,千禧經典台,千禧經典台
565,黄金翡翠台,黄金翡翠台
PopC,PopC,PopC
天映经典香港,天映经典香港,天映经典香港
天映經典頻道,天映經典頻道,天映經典頻道
翡翠台(超高清),翡翠台(超高清),翡翠台4K
亞洲劇台,亞洲劇台,亞洲劇台
Thrill,Thrill,Thrill
亞洲新聞台,亞洲新聞台,亞洲新聞台
半島電視台英語頻道,半島電視台英語頻道,半島電視台英語頻道Al Jazeera
viu6,viu6,viu6
ViuTV,ViuTV,ViuTV
爆谷台,爆谷台,爆谷台
Now爆谷星影台,Now爆谷星影台,Now爆谷星影台
now新聞,now新聞,now新聞
TVB生活台,TVB生活台,TVB生活台
TVB功夫台,TVB功夫台,TVB功夫台

澳门MO
澳視澳門,澳視澳門,澳視澳門
澳門葡萄牙,澳門葡萄牙,澳門葡萄牙
澳門資訊,澳門資訊,澳門資訊
澳門體育,澳門體育,澳門體育
澳門綜藝,澳門綜藝,澳門綜藝
澳門衛星,澳門衛星,澳門衛星Macau

台湾TW
ROCK Action HD,ROCK Action HD,ROCK Action
ROCK Entertainment,ROCK Entertainment,ROCK Entertainment
CinemaWorld,CinemaWorld,CinemaWorld
HITS頻道,HITS頻道,HITS頻道
TVBS綜藝台,TVBS綜藝台,TVBS綜藝台
TVBS台劇台,TVBS台劇台,TVBS台劇台
三立綜合台,三立綜合台,三立綜合台
三立新聞iNEWS,三立新聞iNEWS,三立新聞iNEWS
History 歷史頻道,History 歷史頻道,History 歷史頻道
新唐人亞太台,新唐人亞太台,新唐人亞太台
LiveABC互動英語頻道,LiveABC互動英語頻道,LiveABC互動英語頻道
NickJr.,NickJr.,NickJr.兒童頻道
Nickelodeon Asia尼克兒童頻道,Nickelodeon Asia尼克兒童頻道,Nickelodeon Asia尼克兒童頻道
DreamWorks 夢工廠動畫,DreamWorks 夢工廠動畫,DreamWorks 夢工廠動畫
momo親子台,momo親子台,momo親子台
BloombergTV,BloombergTV,BloombergTV
Lifetime 娛樂頻道,Lifetime 娛樂頻道,Lifetime 娛樂頻道
電影原聲台CMusic,電影原聲台CMusic,電影原聲台CMusic
MTV Live音樂頻道,MTV Live音樂頻道,MTV Live音樂頻道
INULTRA,INULTRA,INULTRA
車迷TV,車迷TV,車迷TV
滾動力rollor,滾動力rollor,滾動力rollor
GlobalTrekker,GlobalTrekker,GlobalTrekker
fun探索娛樂台,fun探索娛樂台,fun探索娛樂台
幸福空間居家台,幸福空間居家台,幸福空間居家台
LOVENATURE,LOVENATURE,LOVENATURE
愛爾達生活旅遊台,愛爾達生活旅遊台,愛爾達生活旅遊台
LUXE TV,LUXE TV,LUXE TV
TV5MONDE STYLE HD 生活時尚,TV5MONDE STYLE HD 生活時尚,TV5MONDE STYLE HD 生活時尚
麥哲倫頻道,麥哲倫頻道,麥哲倫頻道
霹靂布袋戲,霹靂布袋戲,霹靂布袋戲
金光布袋戲,金光布袋戲,金光布袋戲
CI 罪案偵查頻道,CI 罪案偵查頻道,CI 罪案偵查頻道
人間衛視,人間衛視,人間衛視
半島國際新聞台,半島國際新聞台,半島國際新聞台
FRANCE24 英文台,FRANCE24 英文台,FRANCE24 英文台
CNBC Asia 財經台,CNBC Asia 財經台,CNBC Asia 財經台
SBN全球財經台,SBN全球財經台,SBN全球財經台
DW德國之聲,DW德國之聲,DW德國之聲
經典電影台,經典電影台,經典電影台
經典卡通台,經典卡通台,經典卡通台
精選動漫台,精選動漫台,精選動漫台
戲劇免費看 1台,戲劇免費看 1台,戲劇免費看 1台
龍華戲劇台,龍華戲劇台,龍華戲劇台
龍華偶像台,龍華偶像台,龍華偶像台
龍華日韩台,龍華日韩台,龍華日韩台
龍華經典台,龍華經典台,龍華經典台
龍華卡通台,龍華卡通台,龍華卡通台
龍華經典,龍華經典,龍華經典
龍華洋片MOD,龍華洋片MOD,龍華洋片MOD
龍華電影,龍華電影,龍華電影
美亞電影台台灣,美亞電影台台灣,美亞電影台台灣


英国UK
9526,SkySpMainEv,Sky Sports Main Event
9506,SkySp PL,Sky Sports Premier League
9321,SkySp Fball,Sky Sports Football
9536,SkySp Action,Sky Sports Action
9293,SkySp Cricket,Sky Sports Cricket
9375,SkySp F1,Sky Sports F1
9413,SkySp Golf,Sky Sports Golf
9244,SkySp Mix HD,Sky Sports Mix
9613,SkySp Racing HD,Sky Sports Racing
222007,SkySp Tennis HD,Sky Sports Tennis
9612,SkySp News HD,Sky Sports News
381882,SkySp+,Sky Sports+
12118,Racing TV,Racing TV
400476,TNT Sports Ultimate,TNT Sports Ultimate (UHD/4K)
400477,TNT Sports 1 HD,TNT Sports 1
400480,TNT Sports 2 HD,TNT Sports 2
400479,TNT Sports 3 HD,TNT Sports 3
400478,TNT Sports 4 HD,TNT Sports 4
219100,Premier Sports 1 HD,Premier Sports 1
219104,Premier Sports 2 HD,Premier Sports 2

Viaplay1(src01).uk,Viaplay Sports 1 UK,Viaplay Sports 1
Viaplay2(src01).uk,Viaplay Sports 2 UK,Viaplay Sports 2
ViaplayXtra.uk,Viaplay Xtra UK,Viaplay Xtra
Racing.TV.uk,Racing Tv UK,Racing TV
Eurosport.2.HD.uk,EuroSport 1 UK,EuroSport 1
Eurosport.2.HD.uk,EuroSport 1 UK,EuroSport 2
LFCTV.HD.uk,Liverpool TV (LFC TV),LFCTV
MUTV.HD.uk,MUTV UK,MUTV
Sky.Premiere.uk,Sky Cinema Premiere UK,Sky Cinema Premiere
Sky.Cinema.Select.uk,Sky Cinema Select UK,Sky Cinema Select
Sky.Cinema.Hits.HD.uk,Sky Cinema Hits UK,Sky Cinema Hits
Sky.Greats.uk,Sky Cinema Greats UK,Sky Cinema Greats
SkyAnimationHD.uk,Sky Cinema Animation UK,Sky Cinema Animation
Sky.Family.HD.uk,Sky Cinema Family UK,Sky Cinema Family
Sky.Action.uk,Sky Cinema Action UK,Sky Cinema Action
Sky.Comedy.Cinema.uk,Sky Cinema Comedy UK,Sky Cinema Comedy
Sky.Thriller.HD.uk,Sky Cinema Thriller UK,Sky Cinema Thriller
Sky.Drama.HD.uk,Sky Cinema Drama UK,Sky Cinema Drama
Sky.ScFi/HorHD.uk,Sky Cinema Sci-Fi Horror UK,Sky Cinema Sci-Fi Horror

马来西亚Astro
KITA,KITA,KITA
TV1,TV1,TV1
TV2,TV2,TV2
TV3,TV3,TV3
AstroRia,Astro Ria,Astro Ria
AstroPrima,Astro Prima,Astro Prima
AstroOasis,Astro Oasis,Astro Oasis
AstroCitra,Astro Citra,Astro Citra
AstroRania,Astro Rania,Astro Rania
AstroAura,Astro Aura,Astro Aura
TVAlhijrah,Al-Hijrah,Al-Hijrah
ColorsHD,Colors Hindi,Colors Hindi
TVS,TVS,TVS
OKEY,TV Okey,TV Okey
DidikTVKPM,DidikTV KPM,DidikTV KPM
8TV,8TV,8TV
TV9,TV9,TV9
AstroVaanavil,Astro Vaanavil,Astro Vaanavil
AstroVinmeen,Astro Vinmeen,Astro Vinmeen
AstroVellithirai,Astro Vellithirai,Astro Vellithirai
SunTV,Sun TV,Sun TV
SunMusic,Sun Music,Sun Music
Adithya,Adithya,Adithya
SunNews,Sun News,Sun News
KTV,KTV,KTV
SunLife,Sun Life,Sun Life
StarVijay,Star Vijay,Star Vijay
ColorsTamilHD,Colors Tamil,Colors Tamil
ZeeTamilHD,Zee Tamil,Zee Tamil
AstroThangathirai,Astro Thangathirai,Astro Thangathirai
ZeeCinema,Zee Cinema,Zee Cinema
iQIYI,iQIYI,iQIYI
TVBClassic,TVB Classic,TVB Classic
AstroAEC,Astro AEC,Astro AEC
AstroQJ,Astro QJ,Astro QJ
CelestialMovies,Celestial Movies,Celestial Movies
TVBJade,TVB Jade,TVB Jade
AstroAOD,Astro AOD,Astro AOD
CTIAsia,CTI Asia HD,CTI Asia HD
TVBEntertainmentNews,TVB Entertainment News,TVB Entertainment News
TVBXingHe,TVB Xing He,TVB Xing He
TVBSAsia,TVBS Asia,TVBS Asia
CCM,CCM,CCM
PhoenixChineseChannel,Phoenix Chinese Channel,Phoenix Chinese Channel
PhoenixInfoNews,Phoenix Info News,Phoenix Info News
AstroHuaHeeDai,Astro Hua Hee Dai,Astro Hua Hee Dai
CCTV4,CCTV4,CCTV4
KBSWorld,KBS World,KBS World
ONE,ONE,ONE
tvN,tvN,tvN
K-Plus,K-Plus,K-Plus
NHKWorldPremium,NHK World,NHK World
HITSMovies,HITS Movies,HITS Movies
AstroBoo,Boo,Boo
HBO,HBO,HBO
Cinemax,CINEMAX,CINEMAX
AstroShowcase,Astro Showcase,Astro Showcase
HBOFamily,HBO Family,HBO Family
HBOHits,HBO Hits,HBO Hits
tvNMovies,tvN Movies,tvN Movies
AstroAwani,Astro Awani,Astro Awani
BernamaTV,BERNAMA,BERNAMA
CGTN,CGTN,CGTN
CNN,CNN,CNN
BBCNews,BBC News,BBC News
AlJazeeraEnglish,Al Jazeera English,Al Jazeera English
CNA,CNA,CNA
CNBCAsia,CNBC Asia,CNBC Asia
BloombergTV,Bloomberg TV,Bloomberg TV
ABCAustralia,ABC Australia,ABC Australia
DW,DW English,DW English
France24,France24,France24
LoveNature4K,Love Nature 4K,Love Nature 4K
LoveNature,Love Nature,Love Nature
GlobalTrekker,Global Trekker,Global Trekker
DiscoveryChannel,Discovery Channel HD,Discovery Channel HD
DiscoveryAsia,Discovery Asia,Discovery Asia
BBCEarth,BBC Earth,BBC Earth
History,History,History
AstroTutorTV,Astro Tutor TV,Astro Tutor TV
AstroCeria,Astro Ceria,Astro Ceria
CartoonNetwork,Cartoon Network,Cartoon Network
Nickelodeon,Nickelodeon,Nickelodeon
NickJr,Nick Jr,Nick Jr
MoonbugKids,Moonbug,Moonbug
BlippiandFriends,Blippi & Friends,Blippi & Friends
CBeebies,CBeebies,CBeebies
AXN,AXN,AXN
HITSNow,HITS Now,HITS Now
Lifetime,Lifetime,Lifetime
HITS,HITS,HITS
TLC,TLC,TLC
AFN,Asian Food Network,Asian Food Network
CrimeInvestigation,Crime & Investigation,Crime & Investigation
HGTV,HGTV,HGTV
BBCLifestyle,BBC Lifestyle,BBC Lifestyle
MTVLive,MTV Live,MTV Live
AstroArena,Astro Arena,Astro Arena
AstroArena2,Astro Arena 2,Astro Arena 2
AstroArenaBola,Astro Arena Bola,Astro Arena Bola
AstroArenaBola2,Astro Arena Bola 2,Astro Arena Bola 2
AstroSportsPlus2,Astro Sports Plus 2,Astro Sports Plus 2
AstroSportsUHD,Astro Sports UHD,Astro Sports UHD
SPOTV2,SPOTV2,SPOTV2
AstroGrandstand,Astro Grandstand,Astro Grandstand
AstroPremierLeague,Astro Premier League,Astro Premier League
AstroPremierLeague2,Astro Premier League 2,Astro Premier League 2
AstroFootball,Astro Football,Astro Football
AstroBadminton,Astro Badminton,Astro Badminton
AstroBadminton2,Astro Badminton 2,Astro Badminton 2
AstroSportsPlus,Astro Sports Plus,Astro Sports Plus
W-Sport,W-Sport,W-Sport
SPOTV,SPOTV,SPOTV
beINSports2,beIN Sports 2,beIN Sports 2
beINSports,beIN Sports,beIN Sports
beINSports3,beIN Sports 3,beIN Sports 3
GolfChannel,Golf Channel,Golf Channel
PremierSports,Premier Sports,Premier Sports
AstroCricket,Astro Cricket,Astro Cricket
HITZ,HITZ,HITZ
MY,MY,MY
LITE,LITE,LITE
MIX,MIX,MIX
ERA,ERA,ERA
SINAR,SINAR,SINAR
MELODY,MELODY,MELODY
RAAGA,RAAGA,RAAGA
ROCK,SYOK CLASSIC ROCK,SYOK CLASSIC ROCK
GOLD,SYOK GOLD,SYOK GOLD
OPUS,SYOK OPUS,SYOK OPUS
GEGAR,GEGAR,GEGAR
INDIA,SYOK INDIA BEAT,SYOK INDIA BEAT
JAZZ,SYOK JAZZ,SYOK JAZZ
OSAI,SYOK OSAI,SYOK OSAI
BAYU,SYOK BAYU,SYOK BAYU
SYOK KENYALANG,KENYALANG,KENYALANG
NASFM,NAS FM,NAS FM
VFM,V FM,V FM
WAIFM,WAI FM,WAI FM
TRAXXFM,TRAXX FM,TRAXX FM
MINNALFM,MINNAL FM,MINNAL FM
AIFM,AI FM,AI FM
ASYIKFM,ASYIK FM,ASYIK FM
ZAYAN,ZAYAN,ZAYAN
GOXUAN,GO XUAN,GO XUAN
天映频道马来西亚,天映频道马来西亚,天映频道马来西亚

